{
  "n": 300,
  "condition": "all",
  "n_by_condition": {
    "C0": 92,
    "C1": 100,
    "C3": 108
  },
  "hhem_avg": 0.7295833624976997,
  "hallucination_rate": 0.22666666666666666,
  "nli_avg_entailment": 0.4468658814415994,
  "pearson_r": 0.43885531420304463,
  "pearson_p": 1.4892908988817015e-15,
  "spearman_r": 0.4550439861127131,
  "spearman_p": 9.71480937578058e-17,
  "both_strong": false,
  "both_significant": true,
  "verdict_agree": false
}